Workbook

Sheet 统一格式美化
A1: 基本数据
A2: 当日主要活动-英文总 | B2: 累储扭蛋大富翁（1/7）+联动秘藏（10/14）+联动豪杰、专武（10/21）+sp豪杰转盘（3/3）+教父秘藏（2/7）+教父传奇图纸消耗（2/2） | N2: 当日主要活动-美国
A3: 日期 | B3: 创建角色数 | C3: 去新DAU | D3: 付费DAU | E3: 付费率 | F3: ARPPU | G3: 付费总额 ($) | H3: 付费账号数 | I3: 新建当日付费数 | J3: 新建当日付费总额 | K3: 新增当日付费率 | L3: 新建当日ARPPU | N3: 日期 | O3: 创建角色数 | P3: 去新DAU | Q3: 付费DAU | R3: 付费率 | S3: ARPPU | T3: 付费总额 ($) | U3: 付费账号数 | V3: 新建当日付费数 | W3: 新建当日付费总额 | X3: 新增当日付费率 | Y3: 新建当日ARPPU
A4: =粘贴原始数据!A3 -> 0 | B4: =粘贴原始数据!B3 -> 0 | C4: =粘贴原始数据!C3 -> 0 | D4: =粘贴原始数据!D3 -> 0 | E4: =粘贴原始数据!E3 -> 0 | F4: =粘贴原始数据!F3 -> 0 | G4: =粘贴原始数据!G3 -> 0 | H4: =粘贴原始数据!H3 -> 0 | ... L4: =粘贴原始数据!L3 -> 0 | N4: =美国数据!A3 -> 0 | O4: =美国数据!B3 -> 0 | P4: =美国数据!C3 -> 0 | Q4: =美国数据!D3 -> 0 | R4: =美国数据!E3 -> 0 | S4: =美国数据!F3 -> 0 | T4: =美国数据!G3 -> 0 | U4: =美国数据!H3 -> 0 | ... Y4: =美国数据!L3 -> 0
A5: =粘贴原始数据!A4 -> 0 | B5: =粘贴原始数据!B4 -> 0 | C5: =粘贴原始数据!C4 -> 0 | D5: =粘贴原始数据!D4 -> 0 | E5: =粘贴原始数据!E4 -> 0 | F5: =粘贴原始数据!F4 -> 0 | G5: =粘贴原始数据!G4 -> 0 | H5: =粘贴原始数据!H4 -> 0 | ... L5: =粘贴原始数据!L4 -> 0 | N5: =美国数据!A4 -> 0 | O5: =美国数据!B4 -> 0 | P5: =美国数据!C4 -> 0 | Q5: =美国数据!D4 -> 0 | R5: =美国数据!E4 -> 0 | S5: =美国数据!F4 -> 0 | T5: =美国数据!G4 -> 0 | U5: =美国数据!H4 -> 0 | ... Y5: =美国数据!L4 -> 0
A6: =粘贴原始数据!A5 -> 0 | B6: =粘贴原始数据!B5 -> 0 | C6: =粘贴原始数据!C5 -> 0 | D6: =粘贴原始数据!D5 -> 0 | E6: =粘贴原始数据!E5 -> 0 | F6: =粘贴原始数据!F5 -> 0 | G6: =粘贴原始数据!G5 -> 0 | H6: =粘贴原始数据!H5 -> 0 | ... L6: =粘贴原始数据!L5 -> 0 | N6: =美国数据!A5 -> 0 | O6: =美国数据!B5 -> 0 | P6: =美国数据!C5 -> 0 | Q6: =美国数据!D5 -> 0 | R6: =美国数据!E5 -> 0 | S6: =美国数据!F5 -> 0 | T6: =美国数据!G5 -> 0 | U6: =美国数据!H5 -> 0 | ... Y6: =美国数据!L5 -> 0
A7: =粘贴原始数据!A6 -> 0 | B7: =粘贴原始数据!B6 -> 0 | C7: =粘贴原始数据!C6 -> 0 | D7: =粘贴原始数据!D6 -> 0 | E7: =粘贴原始数据!E6 -> 0 | F7: =粘贴原始数据!F6 -> 0 | G7: =粘贴原始数据!G6 -> 0 | H7: =粘贴原始数据!H6 -> 0 | ... L7: =粘贴原始数据!L6 -> 0 | N7: =美国数据!A6 -> 0 | O7: =美国数据!B6 -> 0 | P7: =美国数据!C6 -> 0 | Q7: =美国数据!D6 -> 0 | R7: =美国数据!E6 -> 0 | S7: =美国数据!F6 -> 0 | T7: =美国数据!G6 -> 0 | U7: =美国数据!H6 -> 0 | ... Y7: =美国数据!L6 -> 0
A8: =粘贴原始数据!A7 -> 0 | B8: =粘贴原始数据!B7 -> 0 | C8: =粘贴原始数据!C7 -> 0 | D8: =粘贴原始数据!D7 -> 0 | E8: =粘贴原始数据!E7 -> 0 | F8: =粘贴原始数据!F7 -> 0 | G8: =粘贴原始数据!G7 -> 0 | H8: =粘贴原始数据!H7 -> 0 | ... L8: =粘贴原始数据!L7 -> 0 | N8: =美国数据!A7 -> 0 | O8: =美国数据!B7 -> 0 | P8: =美国数据!C7 -> 0 | Q8: =美国数据!D7 -> 0 | R8: =美国数据!E7 -> 0 | S8: =美国数据!F7 -> 0 | T8: =美国数据!G7 -> 0 | U8: =美国数据!H7 -> 0 | ... Y8: =美国数据!L7 -> 0
A9: =粘贴原始数据!A8 -> 0 | B9: =粘贴原始数据!B8 -> 0 | C9: =粘贴原始数据!C8 -> 0 | D9: =粘贴原始数据!D8 -> 0 | E9: =粘贴原始数据!E8 -> 0 | F9: =粘贴原始数据!F8 -> 0 | G9: =粘贴原始数据!G8 -> 0 | H9: =粘贴原始数据!H8 -> 0 | ... L9: =粘贴原始数据!L8 -> 0 | N9: =美国数据!A8 -> 0 | O9: =美国数据!B8 -> 0 | P9: =美国数据!C8 -> 0 | Q9: =美国数据!D8 -> 0 | R9: =美国数据!E8 -> 0 | S9: =美国数据!F8 -> 0 | T9: =美国数据!G8 -> 0 | U9: =美国数据!H8 -> 0 | ... Y9: =美国数据!L8 -> 0
A10: =粘贴原始数据!A9 -> 0 | B10: =粘贴原始数据!B9 -> 0 | C10: =粘贴原始数据!C9 -> 0 | D10: =粘贴原始数据!D9 -> 0 | E10: =粘贴原始数据!E9 -> 0 | F10: =粘贴原始数据!F9 -> 0 | G10: =粘贴原始数据!G9 -> 0 | H10: =粘贴原始数据!H9 -> 0 | ... L10: =粘贴原始数据!L9 -> 0 | N10: =美国数据!A9 -> 0 | O10: =美国数据!B9 -> 0 | P10: =美国数据!C9 -> 0 | Q10: =美国数据!D9 -> 0 | R10: =美国数据!E9 -> 0 | S10: =美国数据!F9 -> 0 | T10: =美国数据!G9 -> 0 | U10: =美国数据!H9 -> 0 | ... Y10: =美国数据!L9 -> 0
A11: =粘贴原始数据!A10 -> 0 | B11: =粘贴原始数据!B10 -> 0 | C11: =粘贴原始数据!C10 -> 0 | D11: =粘贴原始数据!D10 -> 0 | E11: =粘贴原始数据!E10 -> 0 | F11: =粘贴原始数据!F10 -> 0 | G11: =粘贴原始数据!G10 -> 0 | H11: =粘贴原始数据!H10 -> 0 | ... L11: =粘贴原始数据!L10 -> 0 | N11: =美国数据!A10 -> 0 | O11: =美国数据!B10 -> 0 | P11: =美国数据!C10 -> 0 | Q11: =美国数据!D10 -> 0 | R11: =美国数据!E10 -> 0 | S11: =美国数据!F10 -> 0 | T11: =美国数据!G10 -> 0 | U11: =美国数据!H10 -> 0 | ... Y11: =美国数据!L10 -> 0
A12: =粘贴原始数据!A11 -> 0 | B12: =VALUE(粘贴原始数据!B11) -> 0 | C12: =VALUE(粘贴原始数据!C11) -> 0 | D12: =VALUE(粘贴原始数据!D11) -> 0 | E12: =E11-E10 -> 0 | F12: =F11-F10 -> 0 | G12: =VALUE(粘贴原始数据!G11) -> 0 | H12: =VALUE(粘贴原始数据!H11) -> 0 | I12: =I11-I10 -> 0 | J12: =VALUE(粘贴原始数据!J11) -> 0 | K12: =K11-K10 -> 0 | L12: =L11-L10 -> 0 | N12: =美国数据!A11 -> 0 | O12: =VALUE(美国数据!B11) -> 0 | P12: =VALUE(美国数据!C11) -> 0 | Q12: =VALUE(美国数据!D11) -> 0 | R12: =R11-R10 -> 0 | S12: =S11-S10 -> 0 | T12: =VALUE(美国数据!G11) -> 0 | U12: =VALUE(美国数据!H11) -> 0 | V12: =V11-V10 -> 0 | W12: =VALUE(美国数据!J11) -> 0 | X12: =X11-X10 -> 0 | Y12: =Y11-Y10 -> 0
A13: =粘贴原始数据!A12 -> 0 | B13: =VALUE(粘贴原始数据!B12) -> 0 | C13: =VALUE(粘贴原始数据!C12) -> 0 | D13: =VALUE(粘贴原始数据!D12) -> 0 | E13: =E11-E4 -> 0 | F13: =F11-F4 -> 0 | G13: =VALUE(粘贴原始数据!G12) -> 0 | H13: =VALUE(粘贴原始数据!H12) -> 0 | I13: =I11-I4 -> 0 | J13: =VALUE(粘贴原始数据!J12) -> 0 | K13: =K11-K4 -> 0 | L13: =L11-L4 -> 0 | N13: =美国数据!A12 -> 0 | O13: =VALUE(美国数据!B12) -> 0 | P13: =VALUE(美国数据!C12) -> 0 | Q13: =VALUE(美国数据!D12) -> 0 | R13: =R11-R4 -> 0 | S13: =S11-S4 -> 0 | T13: =VALUE(美国数据!G12) -> 0 | U13: =VALUE(美国数据!H12) -> 0 | V13: =V11-V4 -> 0 | W13: =VALUE(美国数据!J12) -> 0 | X13: =X11-X4 -> 0 | Y13: =Y11-Y4 -> 0
A16: 留存数据
A17: 日期 | B17: 总留存 | F17: Android | J17: IOS
B18: 创建数 | C18: 次留 | D18: 三留 | E18: 七留 | F18: 创建数 | G18: 次留 | H18: 三留 | I18: 七留 | J18: 创建数 | K18: 次留 | L18: 三留 | M18: 七留
A19: =粘贴原始数据!A18 -> 0 | B19: =粘贴原始数据!B18 -> 0 | C19: =VALUE(粘贴原始数据!C18) -> 0 | D19: =粘贴原始数据!D18 -> 0 | E19: =粘贴原始数据!E18 -> 0 | F19: =粘贴原始数据!B29 -> 0 | G19: =VALUE(粘贴原始数据!C29) -> 0 | H19: =粘贴原始数据!D29 -> 0 | I19: =粘贴原始数据!E29 -> 0 | J19: =粘贴原始数据!F29 -> 0 | K19: =VALUE(粘贴原始数据!G29) -> 0 | L19: =粘贴原始数据!H29 -> 0 | M19: =粘贴原始数据!I29 -> 0
A20: =粘贴原始数据!A19 -> 0 | B20: =粘贴原始数据!B19 -> 0 | C20: =VALUE(粘贴原始数据!C19) -> 0 | D20: =粘贴原始数据!D19 -> 0 | E20: =粘贴原始数据!E19 -> 0 | F20: =粘贴原始数据!B30 -> 0 | G20: =VALUE(粘贴原始数据!C30) -> 0 | H20: =粘贴原始数据!D30 -> 0 | I20: =粘贴原始数据!E30 -> 0 | J20: =粘贴原始数据!F30 -> 0 | K20: =VALUE(粘贴原始数据!G30) -> 0 | L20: =粘贴原始数据!H30 -> 0 | M20: =粘贴原始数据!I30 -> 0
A21: =粘贴原始数据!A20 -> 0 | B21: =粘贴原始数据!B20 -> 0 | C21: =VALUE(粘贴原始数据!C20) -> 0 | D21: =粘贴原始数据!D20 -> 0 | E21: =粘贴原始数据!E20 -> 0 | F21: =粘贴原始数据!B31 -> 0 | G21: =VALUE(粘贴原始数据!C31) -> 0 | H21: =粘贴原始数据!D31 -> 0 | I21: =粘贴原始数据!E31 -> 0 | J21: =粘贴原始数据!F31 -> 0 | K21: =VALUE(粘贴原始数据!G31) -> 0 | L21: =粘贴原始数据!H31 -> 0 | M21: =粘贴原始数据!I31 -> 0
A22: =粘贴原始数据!A21 -> 0 | B22: =粘贴原始数据!B21 -> 0 | C22: =VALUE(粘贴原始数据!C21) -> 0 | D22: =粘贴原始数据!D21 -> 0 | E22: =粘贴原始数据!E21 -> 0 | F22: =粘贴原始数据!B32 -> 0 | G22: =VALUE(粘贴原始数据!C32) -> 0 | H22: =粘贴原始数据!D32 -> 0 | I22: =粘贴原始数据!E32 -> 0 | J22: =粘贴原始数据!F32 -> 0 | K22: =VALUE(粘贴原始数据!G32) -> 0 | L22: =粘贴原始数据!H32 -> 0 | M22: =粘贴原始数据!I32 -> 0
A23: =粘贴原始数据!A22 -> 0 | B23: =粘贴原始数据!B22 -> 0 | C23: =VALUE(粘贴原始数据!C22) -> 0 | D23: =粘贴原始数据!D22 -> 0 | E23: =粘贴原始数据!E22 -> 0 | F23: =粘贴原始数据!B33 -> 0 | G23: =VALUE(粘贴原始数据!C33) -> 0 | H23: =粘贴原始数据!D33 -> 0 | I23: =粘贴原始数据!E33 -> 0 | J23: =粘贴原始数据!F33 -> 0 | K23: =VALUE(粘贴原始数据!G33) -> 0 | L23: =粘贴原始数据!H33 -> 0 | M23: =粘贴原始数据!I33 -> 0
A24: =粘贴原始数据!A23 -> 0 | B24: =粘贴原始数据!B23 -> 0 | C24: =VALUE(粘贴原始数据!C23) -> 0 | D24: =粘贴原始数据!D23 -> 0 | E24: =粘贴原始数据!E23 -> 0 | F24: =粘贴原始数据!B34 -> 0 | G24: =VALUE(粘贴原始数据!C34) -> 0 | H24: =粘贴原始数据!D34 -> 0 | I24: =粘贴原始数据!E34 -> 0 | J24: =粘贴原始数据!F34 -> 0 | K24: =VALUE(粘贴原始数据!G34) -> 0 | L24: =粘贴原始数据!H34 -> 0 | M24: =粘贴原始数据!I34 -> 0
A25: =粘贴原始数据!A24 -> 0 | B25: =粘贴原始数据!B24 -> 0 | C25: =VALUE(粘贴原始数据!C24) -> 0 | D25: =粘贴原始数据!D24 -> 0 | E25: =粘贴原始数据!E24 -> 0 | F25: =粘贴原始数据!B35 -> 0 | G25: =VALUE(粘贴原始数据!C35) -> 0 | H25: =粘贴原始数据!D35 -> 0 | I25: =粘贴原始数据!E35 -> 0 | J25: =粘贴原始数据!F35 -> 0 | K25: =VALUE(粘贴原始数据!G35) -> 0 | L25: =粘贴原始数据!H35 -> 0 | M25: =粘贴原始数据!I35 -> 0
A26: =粘贴原始数据!A25 -> 0 | B26: =粘贴原始数据!B25 -> 0 | C26: =粘贴原始数据!C25 -> 0 | D26: =粘贴原始数据!D25 -> 0 | E26: =粘贴原始数据!E25 -> 0 | F26: =粘贴原始数据!B36 -> 0 | G26: =粘贴原始数据!C36 -> 0 | H26: =粘贴原始数据!D36 -> 0 | I26: =粘贴原始数据!E36 -> 0 | J26: =粘贴原始数据!F36 -> 0 | K26: =粘贴原始数据!G36 -> 0 | L26: =粘贴原始数据!H36 -> 0 | M26: =粘贴原始数据!I36 -> 0
F27: =(F26-F25)/F25 -> #DIV/0! | J27: =(J26-J25)/J25 -> #DIV/0!
A28: 日期 | B28: 自然量 | F28: 非激励量渠道 | J28: 激励量渠道
B29: 创建数 | C29: 次留 | D29: 三留 | E29: 七留 | F29: 创建数 | G29: 次留 | H29: 三留 | I29: 七留 | J29: 创建数 | K29: 次留 | L29: 三留 | M29: 七留
A30: =粘贴原始数据!A40 -> 0 | B30: =粘贴原始数据!B40 -> 0 | C30: =VALUE(粘贴原始数据!C40) -> 0 | D30: =粘贴原始数据!D40 -> 0 | E30: =粘贴原始数据!E40 -> 0 | F30: =粘贴原始数据!F40 -> 0 | G30: =VALUE(粘贴原始数据!G40) -> 0 | H30: =粘贴原始数据!H40 -> 0 | I30: =粘贴原始数据!I40 -> 0 | J30: =粘贴原始数据!J40 -> 0 | K30: =VALUE(粘贴原始数据!K40) -> 0 | L30: =粘贴原始数据!L40 -> 0 | M30: =粘贴原始数据!M40 -> 0
A31: =粘贴原始数据!A41 -> 0 | B31: =粘贴原始数据!B41 -> 0 | C31: =VALUE(粘贴原始数据!C41) -> 0 | D31: =粘贴原始数据!D41 -> 0 | E31: =粘贴原始数据!E41 -> 0 | F31: =粘贴原始数据!F41 -> 0 | G31: =VALUE(粘贴原始数据!G41) -> 0 | H31: =粘贴原始数据!H41 -> 0 | I31: =粘贴原始数据!I41 -> 0 | J31: =粘贴原始数据!J41 -> 0 | K31: =VALUE(粘贴原始数据!K41) -> 0 | L31: =粘贴原始数据!L41 -> 0 | M31: =粘贴原始数据!M41 -> 0
A32: =粘贴原始数据!A42 -> 0 | B32: =粘贴原始数据!B42 -> 0 | C32: =VALUE(粘贴原始数据!C42) -> 0 | D32: =粘贴原始数据!D42 -> 0 | E32: =粘贴原始数据!E42 -> 0 | F32: =粘贴原始数据!F42 -> 0 | G32: =VALUE(粘贴原始数据!G42) -> 0 | H32: =粘贴原始数据!H42 -> 0 | I32: =粘贴原始数据!I42 -> 0 | J32: =粘贴原始数据!J42 -> 0 | K32: =VALUE(粘贴原始数据!K42) -> 0 | L32: =粘贴原始数据!L42 -> 0 | M32: =粘贴原始数据!M42 -> 0
A33: =粘贴原始数据!A43 -> 0 | B33: =粘贴原始数据!B43 -> 0 | C33: =VALUE(粘贴原始数据!C43) -> 0 | D33: =粘贴原始数据!D43 -> 0 | E33: =粘贴原始数据!E43 -> 0 | F33: =粘贴原始数据!F43 -> 0 | G33: =VALUE(粘贴原始数据!G43) -> 0 | H33: =粘贴原始数据!H43 -> 0 | I33: =粘贴原始数据!I43 -> 0 | J33: =粘贴原始数据!J43 -> 0 | K33: =VALUE(粘贴原始数据!K43) -> 0 | L33: =粘贴原始数据!L43 -> 0 | M33: =粘贴原始数据!M43 -> 0
A34: =粘贴原始数据!A44 -> 0 | B34: =粘贴原始数据!B44 -> 0 | C34: =VALUE(粘贴原始数据!C44) -> 0 | D34: =粘贴原始数据!D44 -> 0 | E34: =粘贴原始数据!E44 -> 0 | F34: =粘贴原始数据!F44 -> 0 | G34: =VALUE(粘贴原始数据!G44) -> 0 | H34: =粘贴原始数据!H44 -> 0 | I34: =粘贴原始数据!I44 -> 0 | J34: =粘贴原始数据!J44 -> 0 | K34: =VALUE(粘贴原始数据!K44) -> 0 | L34: =粘贴原始数据!L44 -> 0 | M34: =粘贴原始数据!M44 -> 0
A35: =粘贴原始数据!A45 -> 0 | B35: =粘贴原始数据!B45 -> 0 | C35: =VALUE(粘贴原始数据!C45) -> 0 | D35: =粘贴原始数据!D45 -> 0 | E35: =粘贴原始数据!E45 -> 0 | F35: =粘贴原始数据!F45 -> 0 | G35: =VALUE(粘贴原始数据!G45) -> 0 | H35: =粘贴原始数据!H45 -> 0 | I35: =粘贴原始数据!I45 -> 0 | J35: =粘贴原始数据!J45 -> 0 | K35: =VALUE(粘贴原始数据!K45) -> 0 | L35: =粘贴原始数据!L45 -> 0 | M35: =粘贴原始数据!M45 -> 0
A36: =粘贴原始数据!A46 -> 0 | B36: =粘贴原始数据!B46 -> 0 | C36: =VALUE(粘贴原始数据!C46) -> 0 | D36: =粘贴原始数据!D46 -> 0 | E36: =粘贴原始数据!E46 -> 0 | F36: =粘贴原始数据!F46 -> 0 | G36: =VALUE(粘贴原始数据!G46) -> 0 | H36: =粘贴原始数据!H46 -> 0 | I36: =粘贴原始数据!I46 -> 0 | J36: =粘贴原始数据!J46 -> 0 | K36: =VALUE(粘贴原始数据!K46) -> 0 | L36: =粘贴原始数据!L46 -> 0 | M36: =粘贴原始数据!M46 -> 0
A37: =粘贴原始数据!A47 -> 0 | B37: =粘贴原始数据!B47 -> 0 | C37: =粘贴原始数据!C47 -> 0 | D37: =粘贴原始数据!D47 -> 0 | E37: =粘贴原始数据!E47 -> 0 | F37: =粘贴原始数据!F47 -> 0 | G37: =粘贴原始数据!G47 -> 0 | H37: =粘贴原始数据!H47 -> 0 | ... M37: =粘贴原始数据!M47 -> 0
A40: 礼包销量总览
A41: 日期 | B41: 0.99 | C41: 1.99 | D41: 2.99 | E41: 4.99 | F41: 9.99 | G41: 19.99 | H41: 24.99 | I41: 49.99 | J41: 79.99 | K41: 99.99
A42: =粘贴原始数据!A52 -> 0 | B42: =粘贴原始数据!B52 -> 0 | C42: =粘贴原始数据!C52 -> 0 | D42: =粘贴原始数据!D52 -> 0 | E42: =粘贴原始数据!E52 -> 0 | F42: =粘贴原始数据!F52 -> 0 | G42: =粘贴原始数据!G52 -> 0 | H42: =粘贴原始数据!H52 -> 0 | ... K42: =粘贴原始数据!K52 -> 0
A43: =粘贴原始数据!A53 -> 0 | B43: =粘贴原始数据!B53 -> 0 | C43: =粘贴原始数据!C53 -> 0 | D43: =粘贴原始数据!D53 -> 0 | E43: =粘贴原始数据!E53 -> 0 | F43: =粘贴原始数据!F53 -> 0 | G43: =粘贴原始数据!G53 -> 0 | H43: =粘贴原始数据!H53 -> 0 | ... K43: =粘贴原始数据!K53 -> 0
A44: =粘贴原始数据!A54 -> 0 | B44: =粘贴原始数据!B54 -> 0 | C44: =粘贴原始数据!C54 -> 0 | D44: =粘贴原始数据!D54 -> 0 | E44: =粘贴原始数据!E54 -> 0 | F44: =粘贴原始数据!F54 -> 0 | G44: =粘贴原始数据!G54 -> 0 | H44: =粘贴原始数据!H54 -> 0 | ... K44: =粘贴原始数据!K54 -> 0
A45: =粘贴原始数据!A55 -> 0 | B45: =粘贴原始数据!B55 -> 0 | C45: =粘贴原始数据!C55 -> 0 | D45: =粘贴原始数据!D55 -> 0 | E45: =粘贴原始数据!E55 -> 0 | F45: =粘贴原始数据!F55 -> 0 | G45: =粘贴原始数据!G55 -> 0 | H45: =粘贴原始数据!H55 -> 0 | ... K45: =粘贴原始数据!K55 -> 0
A46: =粘贴原始数据!A56 -> 0 | B46: =粘贴原始数据!B56 -> 0 | C46: =粘贴原始数据!C56 -> 0 | D46: =粘贴原始数据!D56 -> 0 | E46: =粘贴原始数据!E56 -> 0 | F46: =粘贴原始数据!F56 -> 0 | G46: =粘贴原始数据!G56 -> 0 | H46: =粘贴原始数据!H56 -> 0 | ... K46: =粘贴原始数据!K56 -> 0
A47: =粘贴原始数据!A57 -> 0 | B47: =粘贴原始数据!B57 -> 0 | C47: =粘贴原始数据!C57 -> 0 | D47: =粘贴原始数据!D57 -> 0 | E47: =粘贴原始数据!E57 -> 0 | F47: =粘贴原始数据!F57 -> 0 | G47: =粘贴原始数据!G57 -> 0 | H47: =粘贴原始数据!H57 -> 0 | ... K47: =粘贴原始数据!K57 -> 0
A48: =粘贴原始数据!A58 -> 0 | B48: =粘贴原始数据!B58 -> 0 | C48: =粘贴原始数据!C58 -> 0 | D48: =粘贴原始数据!D58 -> 0 | E48: =粘贴原始数据!E58 -> 0 | F48: =粘贴原始数据!F58 -> 0 | G48: =粘贴原始数据!G58 -> 0 | H48: =粘贴原始数据!H58 -> 0 | ... K48: =粘贴原始数据!K58 -> 0
A49: =粘贴原始数据!A59 -> 0 | B49: =粘贴原始数据!B59 -> 0 | C49: =粘贴原始数据!C59 -> 0 | D49: =粘贴原始数据!D59 -> 0 | E49: =粘贴原始数据!E59 -> 0 | F49: =粘贴原始数据!F59 -> 0 | G49: =粘贴原始数据!G59 -> 0 | H49: =粘贴原始数据!H59 -> 0 | ... K49: =粘贴原始数据!K59 -> 0
A50: =粘贴原始数据!A60 -> 0 | B50: =VALUE(粘贴原始数据!B60) -> 0 | C50: =VALUE(粘贴原始数据!C60) -> 0 | D50: =VALUE(粘贴原始数据!D60) -> 0 | E50: =VALUE(粘贴原始数据!E60) -> 0 | F50: =VALUE(粘贴原始数据!F60) -> 0 | G50: =VALUE(粘贴原始数据!G60) -> 0 | H50: =VALUE(粘贴原始数据!H60) -> 0 | I50: =VALUE(粘贴原始数据!I60) -> 0 | ... K50: =VALUE(粘贴原始数据!K60) -> 0
A53: 礼包收入总览
A54: 日期 | B54: 0.99 | C54: 1.99 | D54: 2.99 | E54: 4.99 | F54: 9.99 | G54: 19.99 | H54: 24.99 | I54: 49.99 | J54: 79.99 | K54: 99.99 | L54: 当日收入最高礼包 | M54: 当日最高销售额 | N54: 总收入 | O54: 大额礼包占比
A55: =粘贴原始数据!A65 -> 0 | B55: =粘贴原始数据!B65 -> 0 | C55: =粘贴原始数据!C65 -> 0 | D55: =粘贴原始数据!D65 -> 0 | E55: =粘贴原始数据!E65 -> 0 | F55: =粘贴原始数据!F65 -> 0 | G55: =粘贴原始数据!G65 -> 0 | H55: =粘贴原始数据!H65 -> 0 | ... O55: =粘贴原始数据!O65 -> 0
A56: =粘贴原始数据!A66 -> 0 | B56: =粘贴原始数据!B66 -> 0 | C56: =粘贴原始数据!C66 -> 0 | D56: =粘贴原始数据!D66 -> 0 | E56: =粘贴原始数据!E66 -> 0 | F56: =粘贴原始数据!F66 -> 0 | G56: =粘贴原始数据!G66 -> 0 | H56: =粘贴原始数据!H66 -> 0 | ... O56: =粘贴原始数据!O66 -> 0
A57: =粘贴原始数据!A67 -> 0 | B57: =粘贴原始数据!B67 -> 0 | C57: =粘贴原始数据!C67 -> 0 | D57: =粘贴原始数据!D67 -> 0 | E57: =粘贴原始数据!E67 -> 0 | F57: =粘贴原始数据!F67 -> 0 | G57: =粘贴原始数据!G67 -> 0 | H57: =粘贴原始数据!H67 -> 0 | ... O57: =粘贴原始数据!O67 -> 0
A58: =粘贴原始数据!A68 -> 0 | B58: =粘贴原始数据!B68 -> 0 | C58: =粘贴原始数据!C68 -> 0 | D58: =粘贴原始数据!D68 -> 0 | E58: =粘贴原始数据!E68 -> 0 | F58: =粘贴原始数据!F68 -> 0 | G58: =粘贴原始数据!G68 -> 0 | H58: =粘贴原始数据!H68 -> 0 | ... O58: =粘贴原始数据!O68 -> 0
A59: =粘贴原始数据!A69 -> 0 | B59: =粘贴原始数据!B69 -> 0 | C59: =粘贴原始数据!C69 -> 0 | D59: =粘贴原始数据!D69 -> 0 | E59: =粘贴原始数据!E69 -> 0 | F59: =粘贴原始数据!F69 -> 0 | G59: =粘贴原始数据!G69 -> 0 | H59: =粘贴原始数据!H69 -> 0 | ... O59: =粘贴原始数据!O69 -> 0
A60: =粘贴原始数据!A70 -> 0 | B60: =粘贴原始数据!B70 -> 0 | C60: =粘贴原始数据!C70 -> 0 | D60: =粘贴原始数据!D70 -> 0 | E60: =粘贴原始数据!E70 -> 0 | F60: =粘贴原始数据!F70 -> 0 | G60: =粘贴原始数据!G70 -> 0 | H60: =粘贴原始数据!H70 -> 0 | ... O60: =粘贴原始数据!O70 -> 0
A61: =粘贴原始数据!A71 -> 0 | B61: =粘贴原始数据!B71 -> 0 | C61: =粘贴原始数据!C71 -> 0 | D61: =粘贴原始数据!D71 -> 0 | E61: =粘贴原始数据!E71 -> 0 | F61: =粘贴原始数据!F71 -> 0 | G61: =粘贴原始数据!G71 -> 0 | H61: =粘贴原始数据!H71 -> 0 | ... O61: =粘贴原始数据!O71 -> 0
A62: =粘贴原始数据!A72 -> 0 | B62: =粘贴原始数据!B72 -> 0 | C62: =粘贴原始数据!C72 -> 0 | D62: =粘贴原始数据!D72 -> 0 | E62: =粘贴原始数据!E72 -> 0 | F62: =粘贴原始数据!F72 -> 0 | G62: =粘贴原始数据!G72 -> 0 | H62: =粘贴原始数据!H72 -> 0 | ... O62: =粘贴原始数据!O72 -> 0
A63: =粘贴原始数据!A73 -> 0 | B63: =VALUE(粘贴原始数据!B73) -> 0 | C63: =VALUE(粘贴原始数据!C73) -> 0 | D63: =VALUE(粘贴原始数据!D73) -> 0 | E63: =VALUE(粘贴原始数据!E73) -> 0 | F63: =VALUE(粘贴原始数据!F73) -> 0 | G63: =VALUE(粘贴原始数据!G73) -> 0 | H63: =VALUE(粘贴原始数据!H73) -> 0 | I63: =VALUE(粘贴原始数据!I73) -> 0 | ... K63: =VALUE(粘贴原始数据!K73) -> 0 | N63: =VALUE(粘贴原始数据!N73) -> 0 | O63: =VALUE(粘贴原始数据!O73) -> 0
A66: 礼包分类销售
A67: 统计类别 | B67: 当日销售额 | C67: 当日占比 | D67: 昨日销售额 | E67: 昨日占比 | F67: 销售额差值 | G67: 销售额环比
A68: =粘贴原始数据!A78 -> 0 | B68: =粘贴原始数据!B78 -> 0 | C68: =粘贴原始数据!C78 -> 0 | D68: =粘贴原始数据!D78 -> 0 | E68: =粘贴原始数据!E78 -> 0 | F68: =粘贴原始数据!F78 -> 0 | G68: =VALUE(粘贴原始数据!G78) -> 0
A69: =粘贴原始数据!A79 -> 0 | B69: =粘贴原始数据!B79 -> 0 | C69: =粘贴原始数据!C79 -> 0 | D69: =粘贴原始数据!D79 -> 0 | E69: =粘贴原始数据!E79 -> 0 | F69: =粘贴原始数据!F79 -> 0 | G69: =VALUE(粘贴原始数据!G79) -> 0
A70: =粘贴原始数据!A80 -> 0 | B70: =粘贴原始数据!B80 -> 0 | C70: =粘贴原始数据!C80 -> 0 | D70: =粘贴原始数据!D80 -> 0 | E70: =粘贴原始数据!E80 -> 0 | F70: =粘贴原始数据!F80 -> 0 | G70: =VALUE(粘贴原始数据!G80) -> 0
A71: =粘贴原始数据!A81 -> 0 | B71: =粘贴原始数据!B81 -> 0 | C71: =粘贴原始数据!C81 -> 0 | D71: =粘贴原始数据!D81 -> 0 | E71: =粘贴原始数据!E81 -> 0 | F71: =粘贴原始数据!F81 -> 0 | G71: =VALUE(粘贴原始数据!G81) -> 0
A72: =粘贴原始数据!A82 -> 0 | B72: =粘贴原始数据!B82 -> 0 | C72: =粘贴原始数据!C82 -> 0 | D72: =粘贴原始数据!D82 -> 0 | E72: =粘贴原始数据!E82 -> 0 | F72: =粘贴原始数据!F82 -> 0 | G72: =VALUE(粘贴原始数据!G82) -> 0
A73: =粘贴原始数据!A83 -> 0 | B73: =粘贴原始数据!B83 -> 0 | C73: =粘贴原始数据!C83 -> 0 | D73: =粘贴原始数据!D83 -> 0 | E73: =粘贴原始数据!E83 -> 0 | F73: =粘贴原始数据!F83 -> 0 | G73: =VALUE(粘贴原始数据!G83) -> 0
A74: =粘贴原始数据!A84 -> 0 | B74: =粘贴原始数据!B84 -> 0 | C74: =粘贴原始数据!C84 -> 0 | D74: =粘贴原始数据!D84 -> 0 | E74: =粘贴原始数据!E84 -> 0 | F74: =粘贴原始数据!F84 -> 0 | G74: =VALUE(粘贴原始数据!G84) -> 0
A75: =粘贴原始数据!A85 -> 0 | B75: =粘贴原始数据!B85 -> 0 | C75: =粘贴原始数据!C85 -> 0 | D75: =粘贴原始数据!D85 -> 0 | E75: =粘贴原始数据!E85 -> 0 | F75: =粘贴原始数据!F85 -> 0 | G75: =VALUE(粘贴原始数据!G85) -> 0
A76: =粘贴原始数据!A86 -> 0 | B76: =粘贴原始数据!B86 -> 0 | C76: =粘贴原始数据!C86 -> 0 | D76: =粘贴原始数据!D86 -> 0 | E76: =粘贴原始数据!E86 -> 0 | F76: =粘贴原始数据!F86 -> 0 | G76: =VALUE(粘贴原始数据!G86) -> 0
A77: =粘贴原始数据!A87 -> 0 | B77: =粘贴原始数据!B87 -> 0 | C77: =粘贴原始数据!C87 -> 0 | D77: =粘贴原始数据!D87 -> 0 | E77: =粘贴原始数据!E87 -> 0 | F77: =粘贴原始数据!F87 -> 0 | G77: =VALUE(粘贴原始数据!G87) -> 0
A78: =粘贴原始数据!A88 -> 0 | B78: =粘贴原始数据!B88 -> 0 | C78: =粘贴原始数据!C88 -> 0 | D78: =粘贴原始数据!D88 -> 0 | E78: =粘贴原始数据!E88 -> 0 | F78: =粘贴原始数据!F88 -> 0 | G78: =VALUE(粘贴原始数据!G88) -> 0
A79: =粘贴原始数据!A89 -> 0 | B79: =粘贴原始数据!B89 -> 0 | C79: =粘贴原始数据!C89 -> 0 | D79: =粘贴原始数据!D89 -> 0 | E79: =粘贴原始数据!E89 -> 0 | F79: =粘贴原始数据!F89 -> 0 | G79: =VALUE(粘贴原始数据!G89) -> 0
... A82: =粘贴原始数据!A92 -> 0 | B82: =粘贴原始数据!B92 -> 0 | C82: =粘贴原始数据!C92 -> 0 | D82: =粘贴原始数据!D92 -> 0 | E82: =粘贴原始数据!E92 -> 0 | F82: =粘贴原始数据!F92 -> 0 | G82: =VALUE(粘贴原始数据!G92) -> 0
A85: 当日销量前十礼包组 | H85: 当日销售额前十礼包组
A86: 礼包名称 | B86: 销量 | C86: 销售额($) | D86: 销售额占比 | E86: 购买人数 | F86: 排名变化 | H86: 礼包名称 | I86: 销量 | J86: 销售额($) | K86: 销售额占比 | L86: 购买人数 | M86: 排名变化
A87: =粘贴原始数据!A103 -> 0 | B87: =粘贴原始数据!B103 -> 0 | C87: =粘贴原始数据!C103 -> 0 | D87: =粘贴原始数据!D103 -> 0 | E87: =粘贴原始数据!E103 -> 0 | F87: =粘贴原始数据!F103 -> 0 | H87: =粘贴原始数据!A118 -> 0 | I87: =粘贴原始数据!B118 -> 0 | J87: =粘贴原始数据!C118 -> 0 | K87: =粘贴原始数据!D118 -> 0 | L87: =粘贴原始数据!E118 -> 0 | M87: =粘贴原始数据!F118 -> 0
A88: =粘贴原始数据!A104 -> 0 | B88: =粘贴原始数据!B104 -> 0 | C88: =粘贴原始数据!C104 -> 0 | D88: =粘贴原始数据!D104 -> 0 | E88: =粘贴原始数据!E104 -> 0 | F88: =粘贴原始数据!F104 -> 0 | H88: =粘贴原始数据!A119 -> 0 | I88: =粘贴原始数据!B119 -> 0 | J88: =粘贴原始数据!C119 -> 0 | K88: =粘贴原始数据!D119 -> 0 | L88: =粘贴原始数据!E119 -> 0 | M88: =粘贴原始数据!F119 -> 0
A89: =粘贴原始数据!A105 -> 0 | B89: =粘贴原始数据!B105 -> 0 | C89: =粘贴原始数据!C105 -> 0 | D89: =粘贴原始数据!D105 -> 0 | E89: =粘贴原始数据!E105 -> 0 | F89: =粘贴原始数据!F105 -> 0 | H89: =粘贴原始数据!A120 -> 0 | I89: =粘贴原始数据!B120 -> 0 | J89: =粘贴原始数据!C120 -> 0 | K89: =粘贴原始数据!D120 -> 0 | L89: =粘贴原始数据!E120 -> 0 | M89: =粘贴原始数据!F120 -> 0
A90: =粘贴原始数据!A106 -> 0 | B90: =粘贴原始数据!B106 -> 0 | C90: =粘贴原始数据!C106 -> 0 | D90: =粘贴原始数据!D106 -> 0 | E90: =粘贴原始数据!E106 -> 0 | F90: =粘贴原始数据!F106 -> 0 | H90: =粘贴原始数据!A121 -> 0 | I90: =粘贴原始数据!B121 -> 0 | J90: =粘贴原始数据!C121 -> 0 | K90: =粘贴原始数据!D121 -> 0 | L90: =粘贴原始数据!E121 -> 0 | M90: =粘贴原始数据!F121 -> 0
A91: =粘贴原始数据!A107 -> 0 | B91: =粘贴原始数据!B107 -> 0 | C91: =粘贴原始数据!C107 -> 0 | D91: =粘贴原始数据!D107 -> 0 | E91: =粘贴原始数据!E107 -> 0 | F91: =粘贴原始数据!F107 -> 0 | H91: =粘贴原始数据!A122 -> 0 | I91: =粘贴原始数据!B122 -> 0 | J91: =粘贴原始数据!C122 -> 0 | K91: =粘贴原始数据!D122 -> 0 | L91: =粘贴原始数据!E122 -> 0 | M91: =粘贴原始数据!F122 -> 0
A92: =粘贴原始数据!A108 -> 0 | B92: =粘贴原始数据!B108 -> 0 | C92: =粘贴原始数据!C108 -> 0 | D92: =粘贴原始数据!D108 -> 0 | E92: =粘贴原始数据!E108 -> 0 | F92: =粘贴原始数据!F108 -> 0 | H92: =粘贴原始数据!A123 -> 0 | I92: =粘贴原始数据!B123 -> 0 | J92: =粘贴原始数据!C123 -> 0 | K92: =粘贴原始数据!D123 -> 0 | L92: =粘贴原始数据!E123 -> 0 | M92: =粘贴原始数据!F123 -> 0
A93: =粘贴原始数据!A109 -> 0 | B93: =粘贴原始数据!B109 -> 0 | C93: =粘贴原始数据!C109 -> 0 | D93: =粘贴原始数据!D109 -> 0 | E93: =粘贴原始数据!E109 -> 0 | F93: =粘贴原始数据!F109 -> 0 | H93: =粘贴原始数据!A124 -> 0 | I93: =粘贴原始数据!B124 -> 0 | J93: =粘贴原始数据!C124 -> 0 | K93: =粘贴原始数据!D124 -> 0 | L93: =粘贴原始数据!E124 -> 0 | M93: =粘贴原始数据!F124 -> 0
A94: =粘贴原始数据!A110 -> 0 | B94: =粘贴原始数据!B110 -> 0 | C94: =粘贴原始数据!C110 -> 0 | D94: =粘贴原始数据!D110 -> 0 | E94: =粘贴原始数据!E110 -> 0 | F94: =粘贴原始数据!F110 -> 0 | H94: =粘贴原始数据!A125 -> 0 | I94: =粘贴原始数据!B125 -> 0 | J94: =粘贴原始数据!C125 -> 0 | K94: =粘贴原始数据!D125 -> 0 | L94: =粘贴原始数据!E125 -> 0 | M94: =粘贴原始数据!F125 -> 0
A95: =粘贴原始数据!A111 -> 0 | B95: =粘贴原始数据!B111 -> 0 | C95: =粘贴原始数据!C111 -> 0 | D95: =粘贴原始数据!D111 -> 0 | E95: =粘贴原始数据!E111 -> 0 | F95: =粘贴原始数据!F111 -> 0 | H95: =粘贴原始数据!A126 -> 0 | I95: =粘贴原始数据!B126 -> 0 | J95: =粘贴原始数据!C126 -> 0 | K95: =粘贴原始数据!D126 -> 0 | L95: =粘贴原始数据!E126 -> 0 | M95: =粘贴原始数据!F126 -> 0
A96: =粘贴原始数据!A112 -> 0 | B96: =粘贴原始数据!B112 -> 0 | C96: =粘贴原始数据!C112 -> 0 | D96: =粘贴原始数据!D112 -> 0 | E96: =粘贴原始数据!E112 -> 0 | F96: =粘贴原始数据!F112 -> 0 | H96: =粘贴原始数据!A127 -> 0 | I96: =粘贴原始数据!B127 -> 0 | J96: =粘贴原始数据!C127 -> 0 | K96: =粘贴原始数据!D127 -> 0 | L96: =粘贴原始数据!E127 -> 0 | M96: =粘贴原始数据!F127 -> 0
A97: =粘贴原始数据!A113 -> 0 | B97: =粘贴原始数据!B113 -> 0 | C97: =粘贴原始数据!C113 -> 0 | D97: =粘贴原始数据!D113 -> 0 | E97: =粘贴原始数据!E113 -> 0 | F97: =粘贴原始数据!F113 -> 0 | H97: =粘贴原始数据!A128 -> 0 | I97: =粘贴原始数据!B128 -> 0 | J97: =粘贴原始数据!C128 -> 0 | K97: =粘贴原始数据!D128 -> 0 | L97: =粘贴原始数据!E128 -> 0 | M97: =粘贴原始数据!F128 -> 0
A100: 玩家当日付费排名
A101: 服务器 | B101: 玩家ID | C101: 玩家昵称 | D101: 付费总额($) | E101: 订单均价 | F101: 付费占比 | G101: 消费总额($) | H101: 历史储值金额 | I101: 历史储值层级
A102: =粘贴原始数据!A133 -> 0 | B102: =粘贴原始数据!B133 -> 0 | C102: =粘贴原始数据!C133 -> 0 | D102: =粘贴原始数据!D133 -> 0 | E102: =VALUE(粘贴原始数据!E133) -> 0 | F102: =粘贴原始数据!F133 -> 0 | G102: =粘贴原始数据!G133 -> 0 | H102: =粘贴原始数据!H133 -> 0 | I102: =粘贴原始数据!I133 -> 0
A103: =粘贴原始数据!A134 -> 0 | B103: =粘贴原始数据!B134 -> 0 | C103: =粘贴原始数据!C134 -> 0 | D103: =粘贴原始数据!D134 -> 0 | E103: =VALUE(粘贴原始数据!E134) -> 0 | F103: =粘贴原始数据!F134 -> 0 | G103: =粘贴原始数据!G134 -> 0 | H103: =粘贴原始数据!H134 -> 0 | I103: =粘贴原始数据!I134 -> 0
A104: =粘贴原始数据!A135 -> 0 | B104: =粘贴原始数据!B135 -> 0 | C104: =粘贴原始数据!C135 -> 0 | D104: =粘贴原始数据!D135 -> 0 | E104: =VALUE(粘贴原始数据!E135) -> 0 | F104: =粘贴原始数据!F135 -> 0 | G104: =粘贴原始数据!G135 -> 0 | H104: =粘贴原始数据!H135 -> 0 | I104: =粘贴原始数据!I135 -> 0
A105: =粘贴原始数据!A136 -> 0 | B105: =粘贴原始数据!B136 -> 0 | C105: =粘贴原始数据!C136 -> 0 | D105: =粘贴原始数据!D136 -> 0 | E105: =VALUE(粘贴原始数据!E136) -> 0 | F105: =粘贴原始数据!F136 -> 0 | G105: =粘贴原始数据!G136 -> 0 | H105: =粘贴原始数据!H136 -> 0 | I105: =粘贴原始数据!I136 -> 0
A106: =粘贴原始数据!A137 -> 0 | B106: =粘贴原始数据!B137 -> 0 | C106: =粘贴原始数据!C137 -> 0 | D106: =粘贴原始数据!D137 -> 0 | E106: =VALUE(粘贴原始数据!E137) -> 0 | F106: =粘贴原始数据!F137 -> 0 | G106: =粘贴原始数据!G137 -> 0 | H106: =粘贴原始数据!H137 -> 0 | I106: =粘贴原始数据!I137 -> 0
A107: =粘贴原始数据!A138 -> 0 | B107: =粘贴原始数据!B138 -> 0 | C107: =粘贴原始数据!C138 -> 0 | D107: =粘贴原始数据!D138 -> 0 | E107: =VALUE(粘贴原始数据!E138) -> 0 | F107: =粘贴原始数据!F138 -> 0 | G107: =粘贴原始数据!G138 -> 0 | H107: =粘贴原始数据!H138 -> 0 | I107: =粘贴原始数据!I138 -> 0
A108: =粘贴原始数据!A139 -> 0 | B108: =粘贴原始数据!B139 -> 0 | C108: =粘贴原始数据!C139 -> 0 | D108: =粘贴原始数据!D139 -> 0 | E108: =VALUE(粘贴原始数据!E139) -> 0 | F108: =粘贴原始数据!F139 -> 0 | G108: =粘贴原始数据!G139 -> 0 | H108: =粘贴原始数据!H139 -> 0 | I108: =粘贴原始数据!I139 -> 0
A109: =粘贴原始数据!A140 -> 0 | B109: =粘贴原始数据!B140 -> 0 | C109: =粘贴原始数据!C140 -> 0 | D109: =粘贴原始数据!D140 -> 0 | E109: =VALUE(粘贴原始数据!E140) -> 0 | F109: =粘贴原始数据!F140 -> 0 | G109: =粘贴原始数据!G140 -> 0 | H109: =粘贴原始数据!H140 -> 0 | I109: =粘贴原始数据!I140 -> 0
A110: =粘贴原始数据!A141 -> 0 | B110: =粘贴原始数据!B141 -> 0 | C110: =粘贴原始数据!C141 -> 0 | D110: =粘贴原始数据!D141 -> 0 | E110: =VALUE(粘贴原始数据!E141) -> 0 | F110: =粘贴原始数据!F141 -> 0 | G110: =粘贴原始数据!G141 -> 0 | H110: =粘贴原始数据!H141 -> 0 | I110: =粘贴原始数据!I141 -> 0
A111: =粘贴原始数据!A142 -> 0 | B111: =粘贴原始数据!B142 -> 0 | C111: =粘贴原始数据!C142 -> 0 | D111: =粘贴原始数据!D142 -> 0 | E111: =VALUE(粘贴原始数据!E142) -> 0 | F111: =粘贴原始数据!F142 -> 0 | G111: =粘贴原始数据!G142 -> 0 | H111: =粘贴原始数据!H142 -> 0 | I111: =粘贴原始数据!I142 -> 0
A114: 储值层级付费数据
A115: 组群名称 | B115: 活跃角色数 | C115: 付费账号数 | D115: 付费总额($) | E115: ARPPU | F115: 付费率 | G115: 收入占比 | H115: 付费总额同比(周) | I115: 付费总额环比(日) | J115: 付费率差值（日）
A116: =粘贴原始数据!A147 -> 0 | B116: =粘贴原始数据!B147 -> 0 | C116: =粘贴原始数据!C147 -> 0 | D116: =粘贴原始数据!D147 -> 0 | E116: =粘贴原始数据!E147 -> 0 | F116: =粘贴原始数据!F147 -> 0 | G116: =粘贴原始数据!G147 -> 0 | H116: =VALUE(粘贴原始数据!H147) -> 0 | I116: =VALUE(粘贴原始数据!I147) -> 0 | J116: =VALUE(粘贴原始数据!J147) -> 0
...

Sheet 粘贴原始数据

Sheet 美国数据
